CUPS;Fecha;Hora;AE_kWh;REAL/ESTIMADO
ES0031408520934026NH0F;18/09/2022;1;0,052;R
ES0031408520934026NH0F;18/09/2022;2;0,041;R
ES0031408520934026NH0F;18/09/2022;3;0,041;R
ES0031408520934026NH0F;18/09/2022;4;0,041;R
ES0031408520934026NH0F;18/09/2022;5;0,041;R
ES0031408520934026NH0F;18/09/2022;6;0,040;R
ES0031408520934026NH0F;18/09/2022;7;0,040;R
ES0031408520934026NH0F;18/09/2022;8;0,041;R
ES0031408520934026NH0F;18/09/2022;9;0,041;R
ES0031408520934026NH0F;18/09/2022;10;0,040;R
ES0031408520934026NH0F;18/09/2022;11;0,074;R
ES0031408520934026NH0F;18/09/2022;12;0,041;R
ES0031408520934026NH0F;18/09/2022;13;0,041;R
ES0031408520934026NH0F;18/09/2022;14;0,050;R
ES0031408520934026NH0F;18/09/2022;15;0,427;R
ES0031408520934026NH0F;18/09/2022;16;0,067;R
ES0031408520934026NH0F;18/09/2022;17;0,071;R
ES0031408520934026NH0F;18/09/2022;18;0,060;R
ES0031408520934026NH0F;18/09/2022;19;0,052;R
ES0031408520934026NH0F;18/09/2022;20;0,050;R
ES0031408520934026NH0F;18/09/2022;21;0,049;R
ES0031408520934026NH0F;18/09/2022;22;0,071;R
ES0031408520934026NH0F;18/09/2022;23;0,086;R
ES0031408520934026NH0F;18/09/2022;24;0,082;R
ES0031408520934026NH0F;19/09/2022;1;0,078;R
ES0031408520934026NH0F;19/09/2022;2;0,047;R
ES0031408520934026NH0F;19/09/2022;3;0,043;R
ES0031408520934026NH0F;19/09/2022;4;0,042;R
ES0031408520934026NH0F;19/09/2022;5;0,041;R
ES0031408520934026NH0F;19/09/2022;6;0,041;R
ES0031408520934026NH0F;19/09/2022;7;0,041;R
ES0031408520934026NH0F;19/09/2022;8;0,040;R
ES0031408520934026NH0F;19/09/2022;9;0,041;R
ES0031408520934026NH0F;19/09/2022;10;0,067;R
ES0031408520934026NH0F;19/09/2022;11;0,044;R
ES0031408520934026NH0F;19/09/2022;12;0,041;R
ES0031408520934026NH0F;19/09/2022;13;0,042;R
ES0031408520934026NH0F;19/09/2022;14;0,070;R
ES0031408520934026NH0F;19/09/2022;15;0,054;R
ES0031408520934026NH0F;19/09/2022;16;0,042;R
ES0031408520934026NH0F;19/09/2022;17;0,041;R
ES0031408520934026NH0F;19/09/2022;18;0,041;R
ES0031408520934026NH0F;19/09/2022;19;0,043;R
ES0031408520934026NH0F;19/09/2022;20;0,043;R
ES0031408520934026NH0F;19/09/2022;21;0,190;R
ES0031408520934026NH0F;19/09/2022;22;0,086;R
ES0031408520934026NH0F;19/09/2022;23;0,077;R
ES0031408520934026NH0F;19/09/2022;24;0,085;R
ES0031408520934026NH0F;20/09/2022;1;0,058;R
ES0031408520934026NH0F;20/09/2022;2;0,043;R
ES0031408520934026NH0F;20/09/2022;3;0,041;R
ES0031408520934026NH0F;20/09/2022;4;0,042;R
ES0031408520934026NH0F;20/09/2022;5;0,041;R
ES0031408520934026NH0F;20/09/2022;6;0,039;R
ES0031408520934026NH0F;20/09/2022;7;0,039;R
ES0031408520934026NH0F;20/09/2022;8;0,039;R
ES0031408520934026NH0F;20/09/2022;9;0,039;R
ES0031408520934026NH0F;20/09/2022;10;0,075;R
ES0031408520934026NH0F;20/09/2022;11;0,046;R
ES0031408520934026NH0F;20/09/2022;12;0,038;R
ES0031408520934026NH0F;20/09/2022;13;0,038;R
ES0031408520934026NH0F;20/09/2022;14;0,066;R
ES0031408520934026NH0F;20/09/2022;15;0,060;R
ES0031408520934026NH0F;20/09/2022;16;0,040;R
ES0031408520934026NH0F;20/09/2022;17;0,041;R
ES0031408520934026NH0F;20/09/2022;18;0,039;R
ES0031408520934026NH0F;20/09/2022;19;0,040;R
ES0031408520934026NH0F;20/09/2022;20;0,039;R
ES0031408520934026NH0F;20/09/2022;21;0,043;R
ES0031408520934026NH0F;20/09/2022;22;0,078;R
ES0031408520934026NH0F;20/09/2022;23;0,086;R
ES0031408520934026NH0F;20/09/2022;24;0,066;R
ES0031408520934026NH0F;21/09/2022;1;0,073;R
ES0031408520934026NH0F;21/09/2022;2;0,040;R
ES0031408520934026NH0F;21/09/2022;3;0,039;R
ES0031408520934026NH0F;21/09/2022;4;0,038;R
ES0031408520934026NH0F;21/09/2022;5;0,040;R
ES0031408520934026NH0F;21/09/2022;6;0,039;R
ES0031408520934026NH0F;21/09/2022;7;0,039;R
ES0031408520934026NH0F;21/09/2022;8;0,038;R
ES0031408520934026NH0F;21/09/2022;9;0,042;R
ES0031408520934026NH0F;21/09/2022;10;0,064;R
ES0031408520934026NH0F;21/09/2022;11;0,044;R
ES0031408520934026NH0F;21/09/2022;12;0,038;R
ES0031408520934026NH0F;21/09/2022;13;0,052;R
ES0031408520934026NH0F;21/09/2022;14;0,095;R
ES0031408520934026NH0F;21/09/2022;15;0,040;R
ES0031408520934026NH0F;21/09/2022;16;0,042;R
ES0031408520934026NH0F;21/09/2022;17;0,027;R
ES0031408520934026NH0F;21/09/2022;18;0,026;R
ES0031408520934026NH0F;21/09/2022;19;0,046;R
ES0031408520934026NH0F;21/09/2022;20;0,027;R
ES0031408520934026NH0F;21/09/2022;21;0,037;R
ES0031408520934026NH0F;21/09/2022;22;0,143;R
ES0031408520934026NH0F;21/09/2022;23;0,077;R
ES0031408520934026NH0F;21/09/2022;24;0,055;R
ES0031408520934026NH0F;22/09/2022;1;0,046;R
ES0031408520934026NH0F;22/09/2022;2;0,027;R
ES0031408520934026NH0F;22/09/2022;3;0,031;R
ES0031408520934026NH0F;22/09/2022;4;0,042;R
ES0031408520934026NH0F;22/09/2022;5;0,026;R
ES0031408520934026NH0F;22/09/2022;6;0,033;R
ES0031408520934026NH0F;22/09/2022;7;0,041;R
ES0031408520934026NH0F;22/09/2022;8;0,026;R
ES0031408520934026NH0F;22/09/2022;9;0,034;R
ES0031408520934026NH0F;22/09/2022;10;0,067;R
ES0031408520934026NH0F;22/09/2022;11;0,035;R
ES0031408520934026NH0F;22/09/2022;12;0,044;R
ES0031408520934026NH0F;22/09/2022;13;0,026;R
ES0031408520934026NH0F;22/09/2022;14;0,078;R
ES0031408520934026NH0F;22/09/2022;15;0,046;R
ES0031408520934026NH0F;22/09/2022;16;0,044;R
ES0031408520934026NH0F;22/09/2022;17;0,026;R
ES0031408520934026NH0F;22/09/2022;18;0,047;R
ES0031408520934026NH0F;22/09/2022;19;0,027;R
ES0031408520934026NH0F;22/09/2022;20;0,038;R
ES0031408520934026NH0F;22/09/2022;21;0,143;R
ES0031408520934026NH0F;22/09/2022;22;0,097;R
ES0031408520934026NH0F;22/09/2022;23;0,080;R
ES0031408520934026NH0F;22/09/2022;24;0,070;R
ES0031408520934026NH0F;23/09/2022;1;0,042;R
ES0031408520934026NH0F;23/09/2022;2;0,027;R
ES0031408520934026NH0F;23/09/2022;3;0,047;R
ES0031408520934026NH0F;23/09/2022;4;0,027;R
ES0031408520934026NH0F;23/09/2022;5;0,031;R
ES0031408520934026NH0F;23/09/2022;6;0,042;R
ES0031408520934026NH0F;23/09/2022;7;0,027;R
ES0031408520934026NH0F;23/09/2022;8;0,037;R
ES0031408520934026NH0F;23/09/2022;9;0,035;R
ES0031408520934026NH0F;23/09/2022;10;0,060;R
ES0031408520934026NH0F;23/09/2022;11;0,053;R
ES0031408520934026NH0F;23/09/2022;12;0,029;R
ES0031408520934026NH0F;23/09/2022;13;0,035;R
ES0031408520934026NH0F;23/09/2022;14;0,072;R
ES0031408520934026NH0F;23/09/2022;15;0,041;R
ES0031408520934026NH0F;23/09/2022;16;0,046;R
ES0031408520934026NH0F;23/09/2022;17;0,028;R
ES0031408520934026NH0F;23/09/2022;18;0,029;R
ES0031408520934026NH0F;23/09/2022;19;0,044;R
ES0031408520934026NH0F;23/09/2022;20;0,029;R
ES0031408520934026NH0F;23/09/2022;21;0,252;R
ES0031408520934026NH0F;23/09/2022;22;0,073;R
ES0031408520934026NH0F;23/09/2022;23;0,064;R
ES0031408520934026NH0F;23/09/2022;24;0,070;R
ES0031408520934026NH0F;24/09/2022;1;0,039;R
ES0031408520934026NH0F;24/09/2022;2;0,039;R
ES0031408520934026NH0F;24/09/2022;3;0,032;R
ES0031408520934026NH0F;24/09/2022;4;0,026;R
ES0031408520934026NH0F;24/09/2022;5;0,036;R
ES0031408520934026NH0F;24/09/2022;6;0,036;R
ES0031408520934026NH0F;24/09/2022;7;0,027;R
ES0031408520934026NH0F;24/09/2022;8;0,030;R
ES0031408520934026NH0F;24/09/2022;9;0,042;R
ES0031408520934026NH0F;24/09/2022;10;0,026;R
ES0031408520934026NH0F;24/09/2022;11;0,059;R
ES0031408520934026NH0F;24/09/2022;12;0,051;R
ES0031408520934026NH0F;24/09/2022;13;0,032;R
ES0031408520934026NH0F;24/09/2022;14;0,030;R
ES0031408520934026NH0F;24/09/2022;15;0,442;R
ES0031408520934026NH0F;24/09/2022;16;0,058;R
ES0031408520934026NH0F;24/09/2022;17;0,058;R
ES0031408520934026NH0F;24/09/2022;18;0,034;R
ES0031408520934026NH0F;24/09/2022;19;0,067;R
ES0031408520934026NH0F;24/09/2022;20;0,042;R
ES0031408520934026NH0F;24/09/2022;21;0,406;R
ES0031408520934026NH0F;24/09/2022;22;0,092;R
ES0031408520934026NH0F;24/09/2022;23;0,074;R
ES0031408520934026NH0F;24/09/2022;24;0,092;R
ES0031408520934026NH0F;25/09/2022;1;0,067;R
ES0031408520934026NH0F;25/09/2022;2;0,044;R
ES0031408520934026NH0F;25/09/2022;3;0,032;R
ES0031408520934026NH0F;25/09/2022;4;0,037;R
ES0031408520934026NH0F;25/09/2022;5;0,027;R
ES0031408520934026NH0F;25/09/2022;6;0,041;R
ES0031408520934026NH0F;25/09/2022;7;0,025;R
ES0031408520934026NH0F;25/09/2022;8;0,042;R
ES0031408520934026NH0F;25/09/2022;9;0,026;R
ES0031408520934026NH0F;25/09/2022;10;0,032;R
ES0031408520934026NH0F;25/09/2022;11;0,061;R
ES0031408520934026NH0F;25/09/2022;12;0,033;R
ES0031408520934026NH0F;25/09/2022;13;0,043;R
ES0031408520934026NH0F;25/09/2022;14;0,025;R
ES0031408520934026NH0F;25/09/2022;15;0,051;R
ES0031408520934026NH0F;25/09/2022;16;0,047;R
ES0031408520934026NH0F;25/09/2022;17;0,056;R
ES0031408520934026NH0F;25/09/2022;18;0,025;R
ES0031408520934026NH0F;25/09/2022;19;0,039;R
ES0031408520934026NH0F;25/09/2022;20;0,030;R
ES0031408520934026NH0F;25/09/2022;21;0,029;R
ES0031408520934026NH0F;25/09/2022;22;0,096;R
ES0031408520934026NH0F;25/09/2022;23;0,082;R
ES0031408520934026NH0F;25/09/2022;24;0,085;R
ES0031408520934026NH0F;26/09/2022;1;0,033;R
ES0031408520934026NH0F;26/09/2022;2;0,038;R
ES0031408520934026NH0F;26/09/2022;3;0,029;R
ES0031408520934026NH0F;26/09/2022;4;0,024;R
ES0031408520934026NH0F;26/09/2022;5;0,043;R
ES0031408520934026NH0F;26/09/2022;6;0,025;R
ES0031408520934026NH0F;26/09/2022;7;0,025;R
ES0031408520934026NH0F;26/09/2022;8;0,041;R
ES0031408520934026NH0F;26/09/2022;9;0,025;R
ES0031408520934026NH0F;26/09/2022;10;0,030;R
ES0031408520934026NH0F;26/09/2022;11;0,067;R
ES0031408520934026NH0F;26/09/2022;12;0,025;R
ES0031408520934026NH0F;26/09/2022;13;0,074;R
ES0031408520934026NH0F;26/09/2022;14;0,023;R
ES0031408520934026NH0F;26/09/2022;15;0,062;R
ES0031408520934026NH0F;26/09/2022;16;0,025;R
ES0031408520934026NH0F;26/09/2022;17;0,042;R
ES0031408520934026NH0F;26/09/2022;18;0,024;R
ES0031408520934026NH0F;26/09/2022;19;0,034;R
ES0031408520934026NH0F;26/09/2022;20;0,035;R
ES0031408520934026NH0F;26/09/2022;21;0,049;R
ES0031408520934026NH0F;26/09/2022;22;0,116;R
ES0031408520934026NH0F;26/09/2022;23;0,083;R
ES0031408520934026NH0F;26/09/2022;24;0,076;R
ES0031408520934026NH0F;27/09/2022;1;0,058;R
ES0031408520934026NH0F;27/09/2022;2;0,024;R
ES0031408520934026NH0F;27/09/2022;3;0,032;R
ES0031408520934026NH0F;27/09/2022;4;0,035;R
ES0031408520934026NH0F;27/09/2022;5;0,024;R
ES0031408520934026NH0F;27/09/2022;6;0,029;R
ES0031408520934026NH0F;27/09/2022;7;0,037;R
ES0031408520934026NH0F;27/09/2022;8;0,024;R
ES0031408520934026NH0F;27/09/2022;9;0,025;R
ES0031408520934026NH0F;27/09/2022;10;0,038;R
ES0031408520934026NH0F;27/09/2022;11;0,055;R
ES0031408520934026NH0F;27/09/2022;12;0,024;R
ES0031408520934026NH0F;27/09/2022;13;0,035;R
ES0031408520934026NH0F;27/09/2022;14;0,031;R
ES0031408520934026NH0F;27/09/2022;15;0,059;R
ES0031408520934026NH0F;27/09/2022;16;0,042;R
ES0031408520934026NH0F;27/09/2022;17;0,024;R
ES0031408520934026NH0F;27/09/2022;18;0,038;R
ES0031408520934026NH0F;27/09/2022;19;0,028;R
ES0031408520934026NH0F;27/09/2022;20;0,025;R
ES0031408520934026NH0F;27/09/2022;21;0,101;R
ES0031408520934026NH0F;27/09/2022;22;0,073;R
ES0031408520934026NH0F;27/09/2022;23;0,095;R
ES0031408520934026NH0F;27/09/2022;24;0,060;E
ES0031408520934026NH0F;28/09/2022;1;0,046;R
ES0031408520934026NH0F;28/09/2022;2;0,023;R
ES0031408520934026NH0F;28/09/2022;3;0,024;R
ES0031408520934026NH0F;28/09/2022;4;0,041;R
ES0031408520934026NH0F;28/09/2022;5;0,024;R
ES0031408520934026NH0F;28/09/2022;6;0,023;R
ES0031408520934026NH0F;28/09/2022;7;0,038;R
ES0031408520934026NH0F;28/09/2022;8;0,026;R
ES0031408520934026NH0F;28/09/2022;9;0,024;R
ES0031408520934026NH0F;28/09/2022;10;0,033;R
ES0031408520934026NH0F;28/09/2022;11;0,056;R
ES0031408520934026NH0F;28/09/2022;12;0,026;R
ES0031408520934026NH0F;28/09/2022;13;0,069;R
ES0031408520934026NH0F;28/09/2022;14;0,024;R
ES0031408520934026NH0F;28/09/2022;15;0,072;R
ES0031408520934026NH0F;28/09/2022;16;0,043;R
ES0031408520934026NH0F;28/09/2022;17;0,024;R
ES0031408520934026NH0F;28/09/2022;18;0,029;R
ES0031408520934026NH0F;28/09/2022;19;0,037;R
ES0031408520934026NH0F;28/09/2022;20;0,024;R
ES0031408520934026NH0F;28/09/2022;21;0,039;R
ES0031408520934026NH0F;28/09/2022;22;0,177;R
ES0031408520934026NH0F;28/09/2022;23;0,089;R
ES0031408520934026NH0F;28/09/2022;24;0,077;R
ES0031408520934026NH0F;29/09/2022;1;0,070;R
ES0031408520934026NH0F;29/09/2022;2;0,026;R
ES0031408520934026NH0F;29/09/2022;3;0,032;R
ES0031408520934026NH0F;29/09/2022;4;0,033;R
ES0031408520934026NH0F;29/09/2022;5;0,024;R
ES0031408520934026NH0F;29/09/2022;6;0,025;R
ES0031408520934026NH0F;29/09/2022;7;0,040;R
ES0031408520934026NH0F;29/09/2022;8;0,024;R
ES0031408520934026NH0F;29/09/2022;9;0,024;R
ES0031408520934026NH0F;29/09/2022;10;0,034;R
ES0031408520934026NH0F;29/09/2022;11;0,035;R
ES0031408520934026NH0F;29/09/2022;12;0,046;R
ES0031408520934026NH0F;29/09/2022;13;0,037;R
ES0031408520934026NH0F;29/09/2022;14;0,069;R
ES0031408520934026NH0F;29/09/2022;15;0,044;R
ES0031408520934026NH0F;29/09/2022;16;0,051;R
ES0031408520934026NH0F;29/09/2022;17;0,024;R
ES0031408520934026NH0F;29/09/2022;18;0,042;R
ES0031408520934026NH0F;29/09/2022;19;0,025;R
ES0031408520934026NH0F;29/09/2022;20;0,024;R
ES0031408520934026NH0F;29/09/2022;21;0,055;R
ES0031408520934026NH0F;29/09/2022;22;0,079;R
ES0031408520934026NH0F;29/09/2022;23;0,083;R
ES0031408520934026NH0F;29/09/2022;24;0,087;R
ES0031408520934026NH0F;30/09/2022;1;0,063;R
ES0031408520934026NH0F;30/09/2022;2;0,043;R
ES0031408520934026NH0F;30/09/2022;3;0,036;R
ES0031408520934026NH0F;30/09/2022;4;0,025;R
ES0031408520934026NH0F;30/09/2022;5;0,025;R
ES0031408520934026NH0F;30/09/2022;6;0,039;R
ES0031408520934026NH0F;30/09/2022;7;0,024;R
ES0031408520934026NH0F;30/09/2022;8;0,023;R
ES0031408520934026NH0F;30/09/2022;9;0,032;R
ES0031408520934026NH0F;30/09/2022;10;0,056;R
ES0031408520934026NH0F;30/09/2022;11;0,024;R
ES0031408520934026NH0F;30/09/2022;12;0,036;R
ES0031408520934026NH0F;30/09/2022;13;0,031;R
ES0031408520934026NH0F;30/09/2022;14;0,043;R
ES0031408520934026NH0F;30/09/2022;15;0,046;R
ES0031408520934026NH0F;30/09/2022;16;0,030;R
ES0031408520934026NH0F;30/09/2022;17;0,024;R
ES0031408520934026NH0F;30/09/2022;18;0,024;R
ES0031408520934026NH0F;30/09/2022;19;0,041;R
ES0031408520934026NH0F;30/09/2022;20;0,024;R
ES0031408520934026NH0F;30/09/2022;21;0,036;R
ES0031408520934026NH0F;30/09/2022;22;0,149;R
ES0031408520934026NH0F;30/09/2022;23;0,088;R
ES0031408520934026NH0F;30/09/2022;24;0,080;R
ES0031408520934026NH0F;01/10/2022;1;0,047;R
ES0031408520934026NH0F;01/10/2022;2;0,040;R
ES0031408520934026NH0F;01/10/2022;3;0,023;R
ES0031408520934026NH0F;01/10/2022;4;0,029;R
ES0031408520934026NH0F;01/10/2022;5;0,036;R
ES0031408520934026NH0F;01/10/2022;6;0,024;R
ES0031408520934026NH0F;01/10/2022;7;0,024;R
ES0031408520934026NH0F;01/10/2022;8;0,038;R
ES0031408520934026NH0F;01/10/2022;9;0,025;R
ES0031408520934026NH0F;01/10/2022;10;0,023;R
ES0031408520934026NH0F;01/10/2022;11;0,057;R
ES0031408520934026NH0F;01/10/2022;12;0,028;R
ES0031408520934026NH0F;01/10/2022;13;0,026;R
ES0031408520934026NH0F;01/10/2022;14;0,035;R
ES0031408520934026NH0F;01/10/2022;15;0,033;R
ES0031408520934026NH0F;01/10/2022;16;0,556;R
ES0031408520934026NH0F;01/10/2022;17;0,044;R
ES0031408520934026NH0F;01/10/2022;18;0,051;R
ES0031408520934026NH0F;01/10/2022;19;0,032;R
ES0031408520934026NH0F;01/10/2022;20;0,057;R
ES0031408520934026NH0F;01/10/2022;21;0,059;R
ES0031408520934026NH0F;01/10/2022;22;0,067;R
ES0031408520934026NH0F;01/10/2022;23;0,133;R
ES0031408520934026NH0F;01/10/2022;24;0,080;R
ES0031408520934026NH0F;02/10/2022;1;0,062;R
ES0031408520934026NH0F;02/10/2022;2;0,027;R
ES0031408520934026NH0F;02/10/2022;3;0,039;R
ES0031408520934026NH0F;02/10/2022;4;0,022;R
ES0031408520934026NH0F;02/10/2022;5;0,028;R
ES0031408520934026NH0F;02/10/2022;6;0,032;R
ES0031408520934026NH0F;02/10/2022;7;0,023;R
ES0031408520934026NH0F;02/10/2022;8;0,033;R
ES0031408520934026NH0F;02/10/2022;9;0,029;R
ES0031408520934026NH0F;02/10/2022;10;0,023;R
ES0031408520934026NH0F;02/10/2022;11;0,036;R
ES0031408520934026NH0F;02/10/2022;12;0,052;R
ES0031408520934026NH0F;02/10/2022;13;0,033;R
ES0031408520934026NH0F;02/10/2022;14;0,049;R
ES0031408520934026NH0F;02/10/2022;15;0,068;R
ES0031408520934026NH0F;02/10/2022;16;0,061;R
ES0031408520934026NH0F;02/10/2022;17;0,023;R
ES0031408520934026NH0F;02/10/2022;18;0,030;R
ES0031408520934026NH0F;02/10/2022;19;0,033;R
ES0031408520934026NH0F;02/10/2022;20;0,087;R
ES0031408520934026NH0F;02/10/2022;21;0,201;R
ES0031408520934026NH0F;02/10/2022;22;0,063;R
ES0031408520934026NH0F;02/10/2022;23;0,061;R
ES0031408520934026NH0F;02/10/2022;24;0,057;R
ES0031408520934026NH0F;03/10/2022;1;0,052;R
ES0031408520934026NH0F;03/10/2022;2;0,024;R
ES0031408520934026NH0F;03/10/2022;3;0,039;R
ES0031408520934026NH0F;03/10/2022;4;0,024;R
ES0031408520934026NH0F;03/10/2022;5;0,023;R
ES0031408520934026NH0F;03/10/2022;6;0,038;R
ES0031408520934026NH0F;03/10/2022;7;0,025;R
ES0031408520934026NH0F;03/10/2022;8;0,023;R
ES0031408520934026NH0F;03/10/2022;9;0,035;R
ES0031408520934026NH0F;03/10/2022;10;0,029;R
ES0031408520934026NH0F;03/10/2022;11;0,047;R
ES0031408520934026NH0F;03/10/2022;12;0,038;R
ES0031408520934026NH0F;03/10/2022;13;0,046;R
ES0031408520934026NH0F;03/10/2022;14;0,039;R
ES0031408520934026NH0F;03/10/2022;15;0,030;R
ES0031408520934026NH0F;03/10/2022;16;0,036;R
ES0031408520934026NH0F;03/10/2022;17;0,030;R
ES0031408520934026NH0F;03/10/2022;18;0,023;R
ES0031408520934026NH0F;03/10/2022;19;0,039;R
ES0031408520934026NH0F;03/10/2022;20;0,024;R
ES0031408520934026NH0F;03/10/2022;21;0,041;R
ES0031408520934026NH0F;03/10/2022;22;0,180;R
ES0031408520934026NH0F;03/10/2022;23;0,073;R
ES0031408520934026NH0F;03/10/2022;24;0,067;R
ES0031408520934026NH0F;04/10/2022;1;0,035;R
ES0031408520934026NH0F;04/10/2022;2;0,023;R
ES0031408520934026NH0F;04/10/2022;3;0,035;R
ES0031408520934026NH0F;04/10/2022;4;0,029;R
ES0031408520934026NH0F;04/10/2022;5;0,024;R
ES0031408520934026NH0F;04/10/2022;6;0,033;R
ES0031408520934026NH0F;04/10/2022;7;0,029;R
ES0031408520934026NH0F;04/10/2022;8;0,023;R
ES0031408520934026NH0F;04/10/2022;9;0,033;R
ES0031408520934026NH0F;04/10/2022;10;0,057;R
ES0031408520934026NH0F;04/10/2022;11;0,023;R
ES0031408520934026NH0F;04/10/2022;12;0,049;R
ES0031408520934026NH0F;04/10/2022;13;0,028;R
ES0031408520934026NH0F;04/10/2022;14;0,042;R
ES0031408520934026NH0F;04/10/2022;15;0,042;R
ES0031408520934026NH0F;04/10/2022;16;0,023;R
ES0031408520934026NH0F;04/10/2022;17;0,036;R
ES0031408520934026NH0F;04/10/2022;18;0,028;R
ES0031408520934026NH0F;04/10/2022;19;0,024;R
ES0031408520934026NH0F;04/10/2022;20;0,039;R
ES0031408520934026NH0F;04/10/2022;21;0,032;R
ES0031408520934026NH0F;04/10/2022;22;0,173;R
ES0031408520934026NH0F;04/10/2022;23;0,073;R
ES0031408520934026NH0F;04/10/2022;24;0,043;R
ES0031408520934026NH0F;05/10/2022;1;0,077;R
ES0031408520934026NH0F;05/10/2022;2;0,027;R
ES0031408520934026NH0F;05/10/2022;3;0,030;R
ES0031408520934026NH0F;05/10/2022;4;0,033;R
ES0031408520934026NH0F;05/10/2022;5;0,024;R
ES0031408520934026NH0F;05/10/2022;6;0,028;R
ES0031408520934026NH0F;05/10/2022;7;0,036;R
ES0031408520934026NH0F;05/10/2022;8;0,025;R
ES0031408520934026NH0F;05/10/2022;9;0,023;R
ES0031408520934026NH0F;05/10/2022;10;0,068;R
ES0031408520934026NH0F;05/10/2022;11;0,026;R
ES0031408520934026NH0F;05/10/2022;12;0,028;R
ES0031408520934026NH0F;05/10/2022;13;0,035;R
ES0031408520934026NH0F;05/10/2022;14;0,054;R
ES0031408520934026NH0F;05/10/2022;15;0,064;R
ES0031408520934026NH0F;05/10/2022;16;0,027;R
ES0031408520934026NH0F;05/10/2022;17;0,039;R
ES0031408520934026NH0F;05/10/2022;18;0,024;R
ES0031408520934026NH0F;05/10/2022;19;0,042;R
ES0031408520934026NH0F;05/10/2022;20;0,024;R
ES0031408520934026NH0F;05/10/2022;21;0,049;R
ES0031408520934026NH0F;05/10/2022;22;0,142;R
ES0031408520934026NH0F;05/10/2022;23;0,084;R
ES0031408520934026NH0F;05/10/2022;24;0,081;R
ES0031408520934026NH0F;06/10/2022;1;0,047;R
ES0031408520934026NH0F;06/10/2022;2;0,029;R
ES0031408520934026NH0F;06/10/2022;3;0,041;R
ES0031408520934026NH0F;06/10/2022;4;0,023;R
ES0031408520934026NH0F;06/10/2022;5;0,035;R
ES0031408520934026NH0F;06/10/2022;6;0,030;R
ES0031408520934026NH0F;06/10/2022;7;0,023;R
ES0031408520934026NH0F;06/10/2022;8;0,038;R
ES0031408520934026NH0F;06/10/2022;9;0,027;R
ES0031408520934026NH0F;06/10/2022;10;0,055;R
ES0031408520934026NH0F;06/10/2022;11;0,038;R
ES0031408520934026NH0F;06/10/2022;12;0,026;R
ES0031408520934026NH0F;06/10/2022;13;0,041;R
ES0031408520934026NH0F;06/10/2022;14;0,033;R
ES0031408520934026NH0F;06/10/2022;15;0,055;R
ES0031408520934026NH0F;06/10/2022;16;0,033;R
ES0031408520934026NH0F;06/10/2022;17;0,033;R
ES0031408520934026NH0F;06/10/2022;18;0,036;R
ES0031408520934026NH0F;06/10/2022;19;0,030;R
ES0031408520934026NH0F;06/10/2022;20;0,035;R
ES0031408520934026NH0F;06/10/2022;21;0,035;R
ES0031408520934026NH0F;06/10/2022;22;0,151;R
ES0031408520934026NH0F;06/10/2022;23;0,099;R
ES0031408520934026NH0F;06/10/2022;24;0,049;R
ES0031408520934026NH0F;07/10/2022;1;0,061;R
ES0031408520934026NH0F;07/10/2022;2;0,040;R
ES0031408520934026NH0F;07/10/2022;3;0,025;R
ES0031408520934026NH0F;07/10/2022;4;0,040;R
ES0031408520934026NH0F;07/10/2022;5;0,026;R
ES0031408520934026NH0F;07/10/2022;6;0,030;R
ES0031408520934026NH0F;07/10/2022;7;0,035;R
ES0031408520934026NH0F;07/10/2022;8;0,024;R
ES0031408520934026NH0F;07/10/2022;9;0,039;R
ES0031408520934026NH0F;07/10/2022;10;0,025;R
ES0031408520934026NH0F;07/10/2022;11;0,039;R
ES0031408520934026NH0F;07/10/2022;12;0,057;R
ES0031408520934026NH0F;07/10/2022;13;0,031;R
ES0031408520934026NH0F;07/10/2022;14;0,056;R
ES0031408520934026NH0F;07/10/2022;15;0,055;R
ES0031408520934026NH0F;07/10/2022;16;0,027;R
ES0031408520934026NH0F;07/10/2022;17;0,033;R
ES0031408520934026NH0F;07/10/2022;18;0,033;R
ES0031408520934026NH0F;07/10/2022;19;0,025;R
ES0031408520934026NH0F;07/10/2022;20;0,043;R
ES0031408520934026NH0F;07/10/2022;21;0,086;R
ES0031408520934026NH0F;07/10/2022;22;0,137;R
ES0031408520934026NH0F;07/10/2022;23;0,070;R
ES0031408520934026NH0F;07/10/2022;24;0,077;R
ES0031408520934026NH0F;08/10/2022;1;0,036;R
ES0031408520934026NH0F;08/10/2022;2;0,038;R
ES0031408520934026NH0F;08/10/2022;3;0,028;R
ES0031408520934026NH0F;08/10/2022;4;0,024;R
ES0031408520934026NH0F;08/10/2022;5;0,043;R
ES0031408520934026NH0F;08/10/2022;6;0,025;R
ES0031408520934026NH0F;08/10/2022;7;0,029;R
ES0031408520934026NH0F;08/10/2022;8;0,037;R
ES0031408520934026NH0F;08/10/2022;9;0,025;R
ES0031408520934026NH0F;08/10/2022;10;0,032;R
ES0031408520934026NH0F;08/10/2022;11;0,062;R
ES0031408520934026NH0F;08/10/2022;12;0,032;R
ES0031408520934026NH0F;08/10/2022;13;0,049;R
ES0031408520934026NH0F;08/10/2022;14;0,031;R
ES0031408520934026NH0F;08/10/2022;15;0,217;R
ES0031408520934026NH0F;08/10/2022;16;0,054;R
ES0031408520934026NH0F;08/10/2022;17;0,026;R
ES0031408520934026NH0F;08/10/2022;18;0,040;R
ES0031408520934026NH0F;08/10/2022;19;0,148;R
ES0031408520934026NH0F;08/10/2022;20;0,067;R
ES0031408520934026NH0F;08/10/2022;21;0,061;R
ES0031408520934026NH0F;08/10/2022;22;0,149;R
ES0031408520934026NH0F;08/10/2022;23;0,094;R
ES0031408520934026NH0F;08/10/2022;24;0,073;R
ES0031408520934026NH0F;09/10/2022;1;0,074;R
ES0031408520934026NH0F;09/10/2022;2;0,027;R
ES0031408520934026NH0F;09/10/2022;3;0,043;R
ES0031408520934026NH0F;09/10/2022;4;0,026;R
ES0031408520934026NH0F;09/10/2022;5;0,032;R
ES0031408520934026NH0F;09/10/2022;6;0,041;R
ES0031408520934026NH0F;09/10/2022;7;0,022;R
ES0031408520934026NH0F;09/10/2022;8;0,025;R
ES0031408520934026NH0F;09/10/2022;9;0,036;R
ES0031408520934026NH0F;09/10/2022;10;0,022;R
ES0031408520934026NH0F;09/10/2022;11;0,031;R
ES0031408520934026NH0F;09/10/2022;12;0,054;R
ES0031408520934026NH0F;09/10/2022;13;0,031;R
ES0031408520934026NH0F;09/10/2022;14;0,051;R
ES0031408520934026NH0F;09/10/2022;15;0,072;R
ES0031408520934026NH0F;09/10/2022;16;0,046;R
ES0031408520934026NH0F;09/10/2022;17;0,048;R
ES0031408520934026NH0F;09/10/2022;18;0,035;R
ES0031408520934026NH0F;09/10/2022;19;0,064;R
ES0031408520934026NH0F;09/10/2022;20;0,064;R
ES0031408520934026NH0F;09/10/2022;21;0,051;R
ES0031408520934026NH0F;09/10/2022;22;0,060;R
ES0031408520934026NH0F;09/10/2022;23;0,072;R
ES0031408520934026NH0F;09/10/2022;24;0,096;R
ES0031408520934026NH0F;10/10/2022;1;0,076;R
ES0031408520934026NH0F;10/10/2022;2;0,044;R
ES0031408520934026NH0F;10/10/2022;3;0,040;R
ES0031408520934026NH0F;10/10/2022;4;0,025;R
ES0031408520934026NH0F;10/10/2022;5;0,036;R
ES0031408520934026NH0F;10/10/2022;6;0,027;R
ES0031408520934026NH0F;10/10/2022;7;0,026;R
ES0031408520934026NH0F;10/10/2022;8;0,036;R
ES0031408520934026NH0F;10/10/2022;9;0,024;R
ES0031408520934026NH0F;10/10/2022;10;0,059;R
ES0031408520934026NH0F;10/10/2022;11;0,034;R
ES0031408520934026NH0F;10/10/2022;12;0,031;R
ES0031408520934026NH0F;10/10/2022;13;0,498;R
ES0031408520934026NH0F;10/10/2022;14;0,039;R
ES0031408520934026NH0F;10/10/2022;15;0,041;R
ES0031408520934026NH0F;10/10/2022;16;0,050;R
ES0031408520934026NH0F;10/10/2022;17;0,042;R
ES0031408520934026NH0F;10/10/2022;18;0,031;R
ES0031408520934026NH0F;10/10/2022;19;0,036;R
ES0031408520934026NH0F;10/10/2022;20;0,040;R
ES0031408520934026NH0F;10/10/2022;21;0,034;R
ES0031408520934026NH0F;10/10/2022;22;0,141;R
ES0031408520934026NH0F;10/10/2022;23;0,107;R
ES0031408520934026NH0F;10/10/2022;24;0,071;R
ES0031408520934026NH0F;11/10/2022;1;0,075;R
ES0031408520934026NH0F;11/10/2022;2;0,076;R
ES0031408520934026NH0F;11/10/2022;3;0,048;R
ES0031408520934026NH0F;11/10/2022;4;0,043;R
ES0031408520934026NH0F;11/10/2022;5;0,033;R
ES0031408520934026NH0F;11/10/2022;6;0,034;R
ES0031408520934026NH0F;11/10/2022;7;0,031;R
ES0031408520934026NH0F;11/10/2022;8;0,027;R
ES0031408520934026NH0F;11/10/2022;9;0,035;R
ES0031408520934026NH0F;11/10/2022;10;0,027;R
ES0031408520934026NH0F;11/10/2022;11;0,037;R
ES0031408520934026NH0F;11/10/2022;12;0,055;R
ES0031408520934026NH0F;11/10/2022;13;0,049;R
ES0031408520934026NH0F;11/10/2022;14;0,088;R
ES0031408520934026NH0F;11/10/2022;15;0,055;R
ES0031408520934026NH0F;11/10/2022;16;0,035;R
ES0031408520934026NH0F;11/10/2022;17;0,040;R
ES0031408520934026NH0F;11/10/2022;18;0,023;R
ES0031408520934026NH0F;11/10/2022;19;0,041;R
ES0031408520934026NH0F;11/10/2022;20;0,026;R
ES0031408520934026NH0F;11/10/2022;21;0,043;R
ES0031408520934026NH0F;11/10/2022;22;0,151;R
ES0031408520934026NH0F;11/10/2022;23;0,087;R
ES0031408520934026NH0F;11/10/2022;24;0,129;R
ES0031408520934026NH0F;12/10/2022;1;0,085;R
ES0031408520934026NH0F;12/10/2022;2;0,081;R
ES0031408520934026NH0F;12/10/2022;3;0,035;R
ES0031408520934026NH0F;12/10/2022;4;0,041;R
ES0031408520934026NH0F;12/10/2022;5;0,024;R
ES0031408520934026NH0F;12/10/2022;6;0,036;R
ES0031408520934026NH0F;12/10/2022;7;0,027;R
ES0031408520934026NH0F;12/10/2022;8;0,027;R
ES0031408520934026NH0F;12/10/2022;9;0,036;R
ES0031408520934026NH0F;12/10/2022;10;0,030;R
ES0031408520934026NH0F;12/10/2022;11;0,079;R
ES0031408520934026NH0F;12/10/2022;12;0,046;R
ES0031408520934026NH0F;12/10/2022;13;0,049;R
ES0031408520934026NH0F;12/10/2022;14;0,041;R
ES0031408520934026NH0F;12/10/2022;15;0,079;R
ES0031408520934026NH0F;12/10/2022;16;0,029;R
ES0031408520934026NH0F;12/10/2022;17;0,062;R
ES0031408520934026NH0F;12/10/2022;18;0,052;R
ES0031408520934026NH0F;12/10/2022;19;0,053;R
ES0031408520934026NH0F;12/10/2022;20;0,036;R
ES0031408520934026NH0F;12/10/2022;21;0,054;R
ES0031408520934026NH0F;12/10/2022;22;0,051;R
ES0031408520934026NH0F;12/10/2022;23;0,074;R
ES0031408520934026NH0F;12/10/2022;24;0,088;R
ES0031408520934026NH0F;13/10/2022;1;0,070;R
ES0031408520934026NH0F;13/10/2022;2;0,077;R
ES0031408520934026NH0F;13/10/2022;3;0,038;R
ES0031408520934026NH0F;13/10/2022;4;0,037;R
ES0031408520934026NH0F;13/10/2022;5;0,026;R
ES0031408520934026NH0F;13/10/2022;6;0,027;R
ES0031408520934026NH0F;13/10/2022;7;0,035;R
ES0031408520934026NH0F;13/10/2022;8;0,023;R
ES0031408520934026NH0F;13/10/2022;9;0,037;R
ES0031408520934026NH0F;13/10/2022;10;0,029;R
ES0031408520934026NH0F;13/10/2022;11;0,065;R
ES0031408520934026NH0F;13/10/2022;12;0,030;R
ES0031408520934026NH0F;13/10/2022;13;0,113;R
ES0031408520934026NH0F;13/10/2022;14;0,071;R
ES0031408520934026NH0F;13/10/2022;15;0,031;R
ES0031408520934026NH0F;13/10/2022;16;0,039;R
ES0031408520934026NH0F;13/10/2022;17;0,023;R
ES0031408520934026NH0F;13/10/2022;18;0,040;R
ES0031408520934026NH0F;13/10/2022;19;0,025;R
ES0031408520934026NH0F;13/10/2022;20;0,026;R
ES0031408520934026NH0F;13/10/2022;21;0,042;R
ES0031408520934026NH0F;13/10/2022;22;0,042;R
ES0031408520934026NH0F;13/10/2022;23;0,061;R
ES0031408520934026NH0F;13/10/2022;24;0,094;R
ES0031408520934026NH0F;14/10/2022;1;0,071;R
ES0031408520934026NH0F;14/10/2022;2;0,045;R
ES0031408520934026NH0F;14/10/2022;3;0,034;R
ES0031408520934026NH0F;14/10/2022;4;0,041;R
ES0031408520934026NH0F;14/10/2022;5;0,024;R
ES0031408520934026NH0F;14/10/2022;6;0,032;R
ES0031408520934026NH0F;14/10/2022;7;0,031;R
ES0031408520934026NH0F;14/10/2022;8;0,023;R
ES0031408520934026NH0F;14/10/2022;9;0,034;R
ES0031408520934026NH0F;14/10/2022;10;0,030;R
ES0031408520934026NH0F;14/10/2022;11;0,050;R
ES0031408520934026NH0F;14/10/2022;12;0,038;R
ES0031408520934026NH0F;14/10/2022;13;0,023;R
ES0031408520934026NH0F;14/10/2022;14;0,074;R
ES0031408520934026NH0F;14/10/2022;15;0,044;R
ES0031408520934026NH0F;14/10/2022;16;0,046;R
ES0031408520934026NH0F;14/10/2022;17;0,035;R
ES0031408520934026NH0F;14/10/2022;18;0,028;R
ES0031408520934026NH0F;14/10/2022;19;0,039;R
ES0031408520934026NH0F;14/10/2022;20;0,026;R
ES0031408520934026NH0F;14/10/2022;21;0,048;R
ES0031408520934026NH0F;14/10/2022;22;0,161;R
ES0031408520934026NH0F;14/10/2022;23;0,088;R
ES0031408520934026NH0F;14/10/2022;24;0,059;R
ES0031408520934026NH0F;15/10/2022;1;0,048;R
ES0031408520934026NH0F;15/10/2022;2;0,039;R
ES0031408520934026NH0F;15/10/2022;3;0,029;R
ES0031408520934026NH0F;15/10/2022;4;0,031;R
ES0031408520934026NH0F;15/10/2022;5;0,032;R
ES0031408520934026NH0F;15/10/2022;6;0,023;R
ES0031408520934026NH0F;15/10/2022;7;0,040;R
ES0031408520934026NH0F;15/10/2022;8;0,023;R
ES0031408520934026NH0F;15/10/2022;9;0,036;R
ES0031408520934026NH0F;15/10/2022;10;0,026;R
ES0031408520934026NH0F;15/10/2022;11;0,057;R
ES0031408520934026NH0F;15/10/2022;12;0,037;R
ES0031408520934026NH0F;15/10/2022;13;0,041;R
ES0031408520934026NH0F;15/10/2022;14;0,025;R
ES0031408520934026NH0F;15/10/2022;15;0,087;R
ES0031408520934026NH0F;15/10/2022;16;0,042;R
ES0031408520934026NH0F;15/10/2022;17;0,104;R
ES0031408520934026NH0F;15/10/2022;18;0,042;R
ES0031408520934026NH0F;15/10/2022;19;0,024;R
ES0031408520934026NH0F;15/10/2022;20;0,070;R
ES0031408520934026NH0F;15/10/2022;21;0,073;R
ES0031408520934026NH0F;15/10/2022;22;0,187;R
ES0031408520934026NH0F;15/10/2022;23;0,103;R
ES0031408520934026NH0F;15/10/2022;24;0,091;R
ES0031408520934026NH0F;16/10/2022;1;0,066;R
ES0031408520934026NH0F;16/10/2022;2;0,029;R
ES0031408520934026NH0F;16/10/2022;3;0,043;R
ES0031408520934026NH0F;16/10/2022;4;0,024;R
ES0031408520934026NH0F;16/10/2022;5;0,039;R
ES0031408520934026NH0F;16/10/2022;6;0,023;R
ES0031408520934026NH0F;16/10/2022;7;0,039;R
ES0031408520934026NH0F;16/10/2022;8;0,023;R
ES0031408520934026NH0F;16/10/2022;9;0,038;R
ES0031408520934026NH0F;16/10/2022;10;0,049;R
ES0031408520934026NH0F;16/10/2022;11;0,045;R
ES0031408520934026NH0F;16/10/2022;12;0,024;R
ES0031408520934026NH0F;16/10/2022;13;0,063;R
ES0031408520934026NH0F;16/10/2022;14;0,024;R
ES0031408520934026NH0F;16/10/2022;15;0,068;R
ES0031408520934026NH0F;16/10/2022;16;0,075;R
ES0031408520934026NH0F;16/10/2022;17;0,035;R
ES0031408520934026NH0F;16/10/2022;18;0,059;R
ES0031408520934026NH0F;16/10/2022;19;0,026;R
ES0031408520934026NH0F;16/10/2022;20;0,039;R
ES0031408520934026NH0F;16/10/2022;21;0,036;R
ES0031408520934026NH0F;16/10/2022;22;0,299;R
ES0031408520934026NH0F;16/10/2022;23;0,088;R
ES0031408520934026NH0F;16/10/2022;24;0,070;R
ES0031408520934026NH0F;17/10/2022;1;0,048;R
ES0031408520934026NH0F;17/10/2022;2;0,033;R
ES0031408520934026NH0F;17/10/2022;3;0,030;R
ES0031408520934026NH0F;17/10/2022;4;0,034;R
ES0031408520934026NH0F;17/10/2022;5;0,029;R
ES0031408520934026NH0F;17/10/2022;6;0,032;R
ES0031408520934026NH0F;17/10/2022;7;0,029;R
ES0031408520934026NH0F;17/10/2022;8;0,027;R
ES0031408520934026NH0F;17/10/2022;9;0,031;R
ES0031408520934026NH0F;17/10/2022;10;0,031;R
ES0031408520934026NH0F;17/10/2022;11;0,069;R
ES0031408520934026NH0F;17/10/2022;12;0,039;R
ES0031408520934026NH0F;17/10/2022;13;0,039;R
ES0031408520934026NH0F;17/10/2022;14;0,059;R
ES0031408520934026NH0F;17/10/2022;15;0,038;R
ES0031408520934026NH0F;17/10/2022;16;0,039;R
ES0031408520934026NH0F;17/10/2022;17;0,023;R
ES0031408520934026NH0F;17/10/2022;18;0,039;R
ES0031408520934026NH0F;17/10/2022;19;0,025;R
ES0031408520934026NH0F;17/10/2022;20;0,039;R
ES0031408520934026NH0F;17/10/2022;21;0,046;R
ES0031408520934026NH0F;17/10/2022;22;0,130;R
ES0031408520934026NH0F;17/10/2022;23;0,110;R
ES0031408520934026NH0F;17/10/2022;24;0,053;R
ES0031408520934026NH0F;18/10/2022;1;0,019;R
ES0031408520934026NH0F;18/10/2022;2;0,008;R
ES0031408520934026NH0F;18/10/2022;3;0,007;R
ES0031408520934026NH0F;18/10/2022;4;0,007;R
ES0031408520934026NH0F;18/10/2022;5;0,007;R
ES0031408520934026NH0F;18/10/2022;6;0,008;R
ES0031408520934026NH0F;18/10/2022;7;0,010;R
ES0031408520934026NH0F;18/10/2022;8;0,016;R
ES0031408520934026NH0F;18/10/2022;9;0,071;R
ES0031408520934026NH0F;18/10/2022;10;0,055;R
ES0031408520934026NH0F;18/10/2022;11;0,060;R
ES0031408520934026NH0F;18/10/2022;12;0,051;R
ES0031408520934026NH0F;18/10/2022;13;0,028;R
ES0031408520934026NH0F;18/10/2022;14;0,043;R
ES0031408520934026NH0F;18/10/2022;15;0,056;R
ES0031408520934026NH0F;18/10/2022;16;0,035;R
ES0031408520934026NH0F;18/10/2022;17;0,042;R
ES0031408520934026NH0F;18/10/2022;18;0,026;R
ES0031408520934026NH0F;18/10/2022;19;0,040;R
ES0031408520934026NH0F;18/10/2022;20;0,030;R
ES0031408520934026NH0F;18/10/2022;21;0,043;R
ES0031408520934026NH0F;18/10/2022;22;0,097;R
ES0031408520934026NH0F;18/10/2022;23;0,066;R
ES0031408520934026NH0F;18/10/2022;24;0,056;R
ES0031408520934026NH0F;19/10/2022;1;0,012;R
ES0031408520934026NH0F;19/10/2022;2;0,008;R
ES0031408520934026NH0F;19/10/2022;3;0,008;R
ES0031408520934026NH0F;19/10/2022;4;0,007;R
ES0031408520934026NH0F;19/10/2022;5;0,008;R
ES0031408520934026NH0F;19/10/2022;6;0,007;R
ES0031408520934026NH0F;19/10/2022;7;0,008;R
ES0031408520934026NH0F;19/10/2022;8;0,052;R
ES0031408520934026NH0F;19/10/2022;9;0,063;R
ES0031408520934026NH0F;19/10/2022;10;0,187;R
ES0031408520934026NH0F;19/10/2022;11;0,058;R
ES0031408520934026NH0F;19/10/2022;12;0,039;R
ES0031408520934026NH0F;19/10/2022;13;0,049;R
ES0031408520934026NH0F;19/10/2022;14;0,486;R
ES0031408520934026NH0F;19/10/2022;15;0,057;R
ES0031408520934026NH0F;19/10/2022;16;0,051;R
ES0031408520934026NH0F;19/10/2022;17;0,008;R
ES0031408520934026NH0F;19/10/2022;18;0,007;R
ES0031408520934026NH0F;19/10/2022;19;0,007;R
ES0031408520934026NH0F;19/10/2022;20;0,009;R
ES0031408520934026NH0F;19/10/2022;21;0,090;R
ES0031408520934026NH0F;19/10/2022;22;0,108;R
ES0031408520934026NH0F;19/10/2022;23;0,103;R
ES0031408520934026NH0F;19/10/2022;24;0,084;R
ES0031408520934026NH0F;20/10/2022;1;0,010;R
ES0031408520934026NH0F;20/10/2022;2;0,007;R
ES0031408520934026NH0F;20/10/2022;3;0,007;R
ES0031408520934026NH0F;20/10/2022;4;0,008;R
ES0031408520934026NH0F;20/10/2022;5;0,007;R
ES0031408520934026NH0F;20/10/2022;6;0,008;R
ES0031408520934026NH0F;20/10/2022;7;0,008;R
ES0031408520934026NH0F;20/10/2022;8;0,050;R
ES0031408520934026NH0F;20/10/2022;9;0,109;R
ES0031408520934026NH0F;20/10/2022;10;0,060;R
ES0031408520934026NH0F;20/10/2022;11;0,042;R
ES0031408520934026NH0F;20/10/2022;12;0,040;R
ES0031408520934026NH0F;20/10/2022;13;0,047;R
ES0031408520934026NH0F;20/10/2022;14;0,034;R
ES0031408520934026NH0F;20/10/2022;15;0,041;R
ES0031408520934026NH0F;20/10/2022;16;0,097;R
ES0031408520934026NH0F;20/10/2022;17;0,012;R
ES0031408520934026NH0F;20/10/2022;18;0,007;R
ES0031408520934026NH0F;20/10/2022;19;0,011;R
ES0031408520934026NH0F;20/10/2022;20;0,078;R
ES0031408520934026NH0F;20/10/2022;21;0,067;R
ES0031408520934026NH0F;20/10/2022;22;0,090;R
ES0031408520934026NH0F;20/10/2022;23;0,120;R
ES0031408520934026NH0F;20/10/2022;24;0,118;R
ES0031408520934026NH0F;21/10/2022;1;0,060;R
ES0031408520934026NH0F;21/10/2022;2;0,040;R
ES0031408520934026NH0F;21/10/2022;3;0,007;R
ES0031408520934026NH0F;21/10/2022;4;0,008;R
ES0031408520934026NH0F;21/10/2022;5;0,008;R
ES0031408520934026NH0F;21/10/2022;6;0,011;R
ES0031408520934026NH0F;21/10/2022;7;0,010;R
ES0031408520934026NH0F;21/10/2022;8;0,050;R
ES0031408520934026NH0F;21/10/2022;9;0,062;R
ES0031408520934026NH0F;21/10/2022;10;0,060;R
ES0031408520934026NH0F;21/10/2022;11;0,060;R
ES0031408520934026NH0F;21/10/2022;12;0,037;R
ES0031408520934026NH0F;21/10/2022;13;0,047;R
ES0031408520934026NH0F;21/10/2022;14;0,044;R
ES0031408520934026NH0F;21/10/2022;15;0,066;R
ES0031408520934026NH0F;21/10/2022;16;0,051;R
ES0031408520934026NH0F;21/10/2022;17;0,007;R
ES0031408520934026NH0F;21/10/2022;18;0,007;R
ES0031408520934026NH0F;21/10/2022;19;0,008;R
ES0031408520934026NH0F;21/10/2022;20;0,009;R
ES0031408520934026NH0F;21/10/2022;21;0,072;R
ES0031408520934026NH0F;21/10/2022;22;0,117;R
ES0031408520934026NH0F;21/10/2022;23;0,108;R
ES0031408520934026NH0F;21/10/2022;24;0,082;R
ES0031408520934026NH0F;22/10/2022;1;0,039;R
ES0031408520934026NH0F;22/10/2022;2;0,018;R
ES0031408520934026NH0F;22/10/2022;3;0,007;R
ES0031408520934026NH0F;22/10/2022;4;0,007;R
ES0031408520934026NH0F;22/10/2022;5;0,008;R
ES0031408520934026NH0F;22/10/2022;6;0,007;R
ES0031408520934026NH0F;22/10/2022;7;0,007;R
ES0031408520934026NH0F;22/10/2022;8;0,051;R
ES0031408520934026NH0F;22/10/2022;9;0,060;R
ES0031408520934026NH0F;22/10/2022;10;0,036;R
ES0031408520934026NH0F;22/10/2022;11;0,069;R
ES0031408520934026NH0F;22/10/2022;12;0,193;R
ES0031408520934026NH0F;22/10/2022;13;0,036;R
ES0031408520934026NH0F;22/10/2022;14;0,043;R
ES0031408520934026NH0F;22/10/2022;15;0,065;R
ES0031408520934026NH0F;22/10/2022;16;0,067;R
ES0031408520934026NH0F;22/10/2022;17;0,047;R
ES0031408520934026NH0F;22/10/2022;18;0,057;R
ES0031408520934026NH0F;22/10/2022;19;0,039;R
ES0031408520934026NH0F;22/10/2022;20;0,033;R
ES0031408520934026NH0F;22/10/2022;21;0,040;R
ES0031408520934026NH0F;22/10/2022;22;0,073;R
ES0031408520934026NH0F;22/10/2022;23;0,087;R
ES0031408520934026NH0F;22/10/2022;24;0,055;R
ES0031408520934026NH0F;23/10/2022;1;0,028;R
ES0031408520934026NH0F;23/10/2022;2;0,048;R
ES0031408520934026NH0F;23/10/2022;3;0,047;R
ES0031408520934026NH0F;23/10/2022;4;0,029;R
ES0031408520934026NH0F;23/10/2022;5;0,008;R
ES0031408520934026NH0F;23/10/2022;6;0,008;R
ES0031408520934026NH0F;23/10/2022;7;0,007;R
ES0031408520934026NH0F;23/10/2022;8;0,051;R
ES0031408520934026NH0F;23/10/2022;9;0,057;R
ES0031408520934026NH0F;23/10/2022;10;0,033;R
ES0031408520934026NH0F;23/10/2022;11;0,052;R
ES0031408520934026NH0F;23/10/2022;12;0,062;R
ES0031408520934026NH0F;23/10/2022;13;0,034;R
ES0031408520934026NH0F;23/10/2022;14;0,045;R
ES0031408520934026NH0F;23/10/2022;15;0,025;R
ES0031408520934026NH0F;23/10/2022;16;0,060;R
ES0031408520934026NH0F;23/10/2022;17;0,030;R
ES0031408520934026NH0F;23/10/2022;18;0,044;R
ES0031408520934026NH0F;23/10/2022;19;0,025;R
ES0031408520934026NH0F;23/10/2022;20;0,044;R
ES0031408520934026NH0F;23/10/2022;21;0,070;R
ES0031408520934026NH0F;23/10/2022;22;0,181;R
ES0031408520934026NH0F;23/10/2022;23;0,083;R
ES0031408520934026NH0F;23/10/2022;24;0,074;R
ES0031408520934026NH0F;24/10/2022;1;0,041;R
ES0031408520934026NH0F;24/10/2022;2;0,009;R
ES0031408520934026NH0F;24/10/2022;3;0,007;R
ES0031408520934026NH0F;24/10/2022;4;0,007;R
ES0031408520934026NH0F;24/10/2022;5;0,007;R
ES0031408520934026NH0F;24/10/2022;6;0,008;R
ES0031408520934026NH0F;24/10/2022;7;0,007;R
ES0031408520934026NH0F;24/10/2022;8;0,051;R
ES0031408520934026NH0F;24/10/2022;9;0,063;R
ES0031408520934026NH0F;24/10/2022;10;0,072;R
ES0031408520934026NH0F;24/10/2022;11;0,067;R
ES0031408520934026NH0F;24/10/2022;12;0,049;R
ES0031408520934026NH0F;24/10/2022;13;0,026;R
ES0031408520934026NH0F;24/10/2022;14;0,042;R
ES0031408520934026NH0F;24/10/2022;15;0,059;R
ES0031408520934026NH0F;24/10/2022;16;0,051;R
ES0031408520934026NH0F;24/10/2022;17;0,007;R
ES0031408520934026NH0F;24/10/2022;18;0,008;R
ES0031408520934026NH0F;24/10/2022;19;0,007;R
ES0031408520934026NH0F;24/10/2022;20;0,009;R
ES0031408520934026NH0F;24/10/2022;21;0,058;R
ES0031408520934026NH0F;24/10/2022;22;0,332;R
ES0031408520934026NH0F;24/10/2022;23;0,112;R
ES0031408520934026NH0F;24/10/2022;24;0,082;R
ES0031408520934026NH0F;25/10/2022;1;0,051;R
ES0031408520934026NH0F;25/10/2022;2;0,027;R
ES0031408520934026NH0F;25/10/2022;3;0,010;R
ES0031408520934026NH0F;25/10/2022;4;0,008;R
ES0031408520934026NH0F;25/10/2022;5;0,007;R
ES0031408520934026NH0F;25/10/2022;6;0,008;R
ES0031408520934026NH0F;25/10/2022;7;0,009;R
ES0031408520934026NH0F;25/10/2022;8;0,053;R
ES0031408520934026NH0F;25/10/2022;9;0,058;R
ES0031408520934026NH0F;25/10/2022;10;0,055;R
ES0031408520934026NH0F;25/10/2022;11;0,273;R
ES0031408520934026NH0F;25/10/2022;12;0,045;R
ES0031408520934026NH0F;25/10/2022;13;0,037;R
ES0031408520934026NH0F;25/10/2022;14;0,058;R
ES0031408520934026NH0F;25/10/2022;15;0,039;R
ES0031408520934026NH0F;25/10/2022;16;0,032;R
ES0031408520934026NH0F;25/10/2022;17;0,008;R
ES0031408520934026NH0F;25/10/2022;18;0,007;R
ES0031408520934026NH0F;25/10/2022;19;0,007;R
ES0031408520934026NH0F;25/10/2022;20;0,009;R
ES0031408520934026NH0F;25/10/2022;21;0,057;R
ES0031408520934026NH0F;25/10/2022;22;0,107;R
ES0031408520934026NH0F;25/10/2022;23;0,218;R
ES0031408520934026NH0F;25/10/2022;24;0,072;R
ES0031408520934026NH0F;26/10/2022;1;0,026;R
ES0031408520934026NH0F;26/10/2022;2;0,030;R
ES0031408520934026NH0F;26/10/2022;3;0,019;R
ES0031408520934026NH0F;26/10/2022;4;0,010;R
ES0031408520934026NH0F;26/10/2022;5;0,008;R
ES0031408520934026NH0F;26/10/2022;6;0,007;R
ES0031408520934026NH0F;26/10/2022;7;0,008;R
ES0031408520934026NH0F;26/10/2022;8;0,050;R
ES0031408520934026NH0F;26/10/2022;9;0,063;R
ES0031408520934026NH0F;26/10/2022;10;0,083;R
ES0031408520934026NH0F;26/10/2022;11;0,034;R
ES0031408520934026NH0F;26/10/2022;12;0,048;R
ES0031408520934026NH0F;26/10/2022;13;0,027;R
ES0031408520934026NH0F;26/10/2022;14;0,043;R
ES0031408520934026NH0F;26/10/2022;15;0,049;R
ES0031408520934026NH0F;26/10/2022;16;0,042;R
ES0031408520934026NH0F;26/10/2022;17;0,007;R
ES0031408520934026NH0F;26/10/2022;18;0,007;R
ES0031408520934026NH0F;26/10/2022;19;0,007;R
ES0031408520934026NH0F;26/10/2022;20;0,009;R
ES0031408520934026NH0F;26/10/2022;21;0,057;R
ES0031408520934026NH0F;26/10/2022;22;0,048;R
ES0031408520934026NH0F;26/10/2022;23;0,163;R
ES0031408520934026NH0F;26/10/2022;24;0,053;R
ES0031408520934026NH0F;27/10/2022;1;0,008;R
ES0031408520934026NH0F;27/10/2022;2;0,011;R
ES0031408520934026NH0F;27/10/2022;3;0,031;R
ES0031408520934026NH0F;27/10/2022;4;0,024;R
ES0031408520934026NH0F;27/10/2022;5;0,013;R
ES0031408520934026NH0F;27/10/2022;6;0,018;R
ES0031408520934026NH0F;27/10/2022;7;0,010;R
ES0031408520934026NH0F;27/10/2022;8;0,051;R
ES0031408520934026NH0F;27/10/2022;9;0,058;R
ES0031408520934026NH0F;27/10/2022;10;0,041;R
ES0031408520934026NH0F;27/10/2022;11;0,062;R
ES0031408520934026NH0F;27/10/2022;12;0,040;R
ES0031408520934026NH0F;27/10/2022;13;0,029;R
ES0031408520934026NH0F;27/10/2022;14;0,145;R
ES0031408520934026NH0F;27/10/2022;15;0,051;R
ES0031408520934026NH0F;27/10/2022;16;0,066;R
ES0031408520934026NH0F;27/10/2022;17;0,009;R
ES0031408520934026NH0F;27/10/2022;18;0,008;R
ES0031408520934026NH0F;27/10/2022;19;0,007;R
ES0031408520934026NH0F;27/10/2022;20;0,009;R
ES0031408520934026NH0F;27/10/2022;21;0,107;R
ES0031408520934026NH0F;27/10/2022;22;0,099;R
ES0031408520934026NH0F;27/10/2022;23;0,045;R
ES0031408520934026NH0F;27/10/2022;24;0,050;R
ES0031408520934026NH0F;28/10/2022;1;0,024;R
ES0031408520934026NH0F;28/10/2022;2;0,023;R
ES0031408520934026NH0F;28/10/2022;3;0,013;R
ES0031408520934026NH0F;28/10/2022;4;0,012;R
ES0031408520934026NH0F;28/10/2022;5;0,035;R
ES0031408520934026NH0F;28/10/2022;6;0,044;R
ES0031408520934026NH0F;28/10/2022;7;0,038;R
ES0031408520934026NH0F;28/10/2022;8;0,053;R
ES0031408520934026NH0F;28/10/2022;9;0,073;R
ES0031408520934026NH0F;28/10/2022;10;0,111;R
ES0031408520934026NH0F;28/10/2022;11;0,069;R
ES0031408520934026NH0F;28/10/2022;12;0,067;R
ES0031408520934026NH0F;28/10/2022;13;0,042;R
ES0031408520934026NH0F;28/10/2022;14;0,233;R
ES0031408520934026NH0F;28/10/2022;15;0,057;R
ES0031408520934026NH0F;28/10/2022;16;0,045;R
ES0031408520934026NH0F;28/10/2022;17;0,011;R
ES0031408520934026NH0F;28/10/2022;18;0,011;R
ES0031408520934026NH0F;28/10/2022;19;0,011;R
ES0031408520934026NH0F;28/10/2022;20;0,013;R
ES0031408520934026NH0F;28/10/2022;21;0,068;R
ES0031408520934026NH0F;28/10/2022;22;0,195;R
ES0031408520934026NH0F;28/10/2022;23;0,116;R
ES0031408520934026NH0F;28/10/2022;24;0,089;R
ES0031408520934026NH0F;29/10/2022;1;0,012;R
ES0031408520934026NH0F;29/10/2022;2;0,027;R
ES0031408520934026NH0F;29/10/2022;3;0,026;R
ES0031408520934026NH0F;29/10/2022;4;0,034;R
ES0031408520934026NH0F;29/10/2022;5;0,017;R
ES0031408520934026NH0F;29/10/2022;6;0,013;R
ES0031408520934026NH0F;29/10/2022;7;0,012;R
ES0031408520934026NH0F;29/10/2022;8;0,054;R
ES0031408520934026NH0F;29/10/2022;9;0,067;R
ES0031408520934026NH0F;29/10/2022;10;0,279;R
ES0031408520934026NH0F;29/10/2022;11;0,035;R
ES0031408520934026NH0F;29/10/2022;12;0,056;R
ES0031408520934026NH0F;29/10/2022;13;0,031;R
ES0031408520934026NH0F;29/10/2022;14;0,051;R
ES0031408520934026NH0F;29/10/2022;15;0,029;R
ES0031408520934026NH0F;29/10/2022;16;0,408;R
ES0031408520934026NH0F;29/10/2022;17;0,481;R
ES0031408520934026NH0F;29/10/2022;18;0,065;R
ES0031408520934026NH0F;29/10/2022;19;0,084;R
ES0031408520934026NH0F;29/10/2022;20;0,051;R
ES0031408520934026NH0F;29/10/2022;21;0,047;R
ES0031408520934026NH0F;29/10/2022;22;0,035;R
ES0031408520934026NH0F;29/10/2022;23;0,161;R
ES0031408520934026NH0F;29/10/2022;24;0,077;R
ES0031408520934026NH0F;30/10/2022;1;0,010;R
ES0031408520934026NH0F;30/10/2022;2;0,026;R
ES0031408520934026NH0F;30/10/2022;3;0,027;R
ES0031408520934026NH0F;30/10/2022;4;0,025;R
ES0031408520934026NH0F;30/10/2022;5;0,011;R
ES0031408520934026NH0F;30/10/2022;6;0,011;R
ES0031408520934026NH0F;30/10/2022;7;0,011;R
ES0031408520934026NH0F;30/10/2022;8;0,011;R
ES0031408520934026NH0F;30/10/2022;9;0,055;R
ES0031408520934026NH0F;30/10/2022;10;0,065;R
ES0031408520934026NH0F;30/10/2022;11;0,303;R
ES0031408520934026NH0F;30/10/2022;12;0,052;R
ES0031408520934026NH0F;30/10/2022;13;0,044;R
ES0031408520934026NH0F;30/10/2022;14;0,047;R
ES0031408520934026NH0F;30/10/2022;15;0,084;R
ES0031408520934026NH0F;30/10/2022;16;0,077;R
ES0031408520934026NH0F;30/10/2022;17;0,059;R
ES0031408520934026NH0F;30/10/2022;18;0,052;R
ES0031408520934026NH0F;30/10/2022;19;0,029;R
ES0031408520934026NH0F;30/10/2022;20;0,064;R
ES0031408520934026NH0F;30/10/2022;21;0,062;R
ES0031408520934026NH0F;30/10/2022;22;0,088;R
ES0031408520934026NH0F;30/10/2022;23;0,174;R
ES0031408520934026NH0F;30/10/2022;24;0,089;R
ES0031408520934026NH0F;30/10/2022;25;0,059;R
ES0031408520934026NH0F;31/10/2022;1;0,020;R
ES0031408520934026NH0F;31/10/2022;2;0,014;R
ES0031408520934026NH0F;31/10/2022;3;0,036;R
ES0031408520934026NH0F;31/10/2022;4;0,034;R
ES0031408520934026NH0F;31/10/2022;5;0,017;R
ES0031408520934026NH0F;31/10/2022;6;0,011;R
ES0031408520934026NH0F;31/10/2022;7;0,012;R
ES0031408520934026NH0F;31/10/2022;8;0,053;R
ES0031408520934026NH0F;31/10/2022;9;0,053;R
ES0031408520934026NH0F;31/10/2022;10;0,051;R
ES0031408520934026NH0F;31/10/2022;11;0,070;R
ES0031408520934026NH0F;31/10/2022;12;0,061;R
ES0031408520934026NH0F;31/10/2022;13;0,037;R
ES0031408520934026NH0F;31/10/2022;14;0,066;R
ES0031408520934026NH0F;31/10/2022;15;0,096;R
ES0031408520934026NH0F;31/10/2022;16;0,091;R
ES0031408520934026NH0F;31/10/2022;17;0,022;R
ES0031408520934026NH0F;31/10/2022;18;0,019;R
ES0031408520934026NH0F;31/10/2022;19;0,034;R
ES0031408520934026NH0F;31/10/2022;20;0,020;R
ES0031408520934026NH0F;31/10/2022;21;0,076;R
ES0031408520934026NH0F;31/10/2022;22;0,088;R
ES0031408520934026NH0F;31/10/2022;23;0,118;R
ES0031408520934026NH0F;31/10/2022;24;0,073;R
ES0031408520934026NH0F;01/11/2022;1;0,030;R
ES0031408520934026NH0F;01/11/2022;2;0,032;R
ES0031408520934026NH0F;01/11/2022;3;0,017;R
ES0031408520934026NH0F;01/11/2022;4;0,013;R
ES0031408520934026NH0F;01/11/2022;5;0,012;R
ES0031408520934026NH0F;01/11/2022;6;0,012;R
ES0031408520934026NH0F;01/11/2022;7;0,012;R
ES0031408520934026NH0F;01/11/2022;8;0,053;R
ES0031408520934026NH0F;01/11/2022;9;0,055;R
ES0031408520934026NH0F;01/11/2022;10;0,052;R
ES0031408520934026NH0F;01/11/2022;11;0,067;R
ES0031408520934026NH0F;01/11/2022;12;0,058;R
ES0031408520934026NH0F;01/11/2022;13;0,039;R
ES0031408520934026NH0F;01/11/2022;14;0,044;R
ES0031408520934026NH0F;01/11/2022;15;0,083;R
ES0031408520934026NH0F;01/11/2022;16;0,176;R
ES0031408520934026NH0F;01/11/2022;17;0,618;R
ES0031408520934026NH0F;01/11/2022;18;0,034;R
ES0031408520934026NH0F;01/11/2022;19;0,764;R
ES0031408520934026NH0F;01/11/2022;20;0,397;R
ES0031408520934026NH0F;01/11/2022;21;0,069;R
ES0031408520934026NH0F;01/11/2022;22;0,089;R
ES0031408520934026NH0F;01/11/2022;23;0,110;R
ES0031408520934026NH0F;01/11/2022;24;0,090;R
ES0031408520934026NH0F;02/11/2022;1;0,037;R
ES0031408520934026NH0F;02/11/2022;2;0,020;R
ES0031408520934026NH0F;02/11/2022;3;0,013;R
ES0031408520934026NH0F;02/11/2022;4;0,012;R
ES0031408520934026NH0F;02/11/2022;5;0,025;R
ES0031408520934026NH0F;02/11/2022;6;0,049;R
ES0031408520934026NH0F;02/11/2022;7;0,038;R
ES0031408520934026NH0F;02/11/2022;8;0,052;R
ES0031408520934026NH0F;02/11/2022;9;0,059;R
ES0031408520934026NH0F;02/11/2022;10;0,081;R
ES0031408520934026NH0F;02/11/2022;11;0,053;R
ES0031408520934026NH0F;02/11/2022;12;0,036;R
ES0031408520934026NH0F;02/11/2022;13;0,048;R
ES0031408520934026NH0F;02/11/2022;14;0,035;R
ES0031408520934026NH0F;02/11/2022;15;0,076;R
ES0031408520934026NH0F;02/11/2022;16;0,031;R
ES0031408520934026NH0F;02/11/2022;17;0,011;R
ES0031408520934026NH0F;02/11/2022;18;0,012;R
ES0031408520934026NH0F;02/11/2022;19;0,011;R
ES0031408520934026NH0F;02/11/2022;20;0,013;R
ES0031408520934026NH0F;02/11/2022;21;0,065;R
ES0031408520934026NH0F;02/11/2022;22;0,087;R
ES0031408520934026NH0F;02/11/2022;23;0,130;R
ES0031408520934026NH0F;02/11/2022;24;0,114;R
ES0031408520934026NH0F;03/11/2022;1;0,064;R
ES0031408520934026NH0F;03/11/2022;2;0,012;R
ES0031408520934026NH0F;03/11/2022;3;0,012;R
ES0031408520934026NH0F;03/11/2022;4;0,011;R
ES0031408520934026NH0F;03/11/2022;5;0,011;R
ES0031408520934026NH0F;03/11/2022;6;0,012;R
ES0031408520934026NH0F;03/11/2022;7;0,011;R
ES0031408520934026NH0F;03/11/2022;8;0,053;R
ES0031408520934026NH0F;03/11/2022;9;0,062;R
ES0031408520934026NH0F;03/11/2022;10;0,090;R
ES0031408520934026NH0F;03/11/2022;11;0,061;R
ES0031408520934026NH0F;03/11/2022;12;0,034;R
ES0031408520934026NH0F;03/11/2022;13;0,054;R
ES0031408520934026NH0F;03/11/2022;14;0,031;R
ES0031408520934026NH0F;03/11/2022;15;0,082;R
ES0031408520934026NH0F;03/11/2022;16;0,041;R
ES0031408520934026NH0F;03/11/2022;17;0,012;R
ES0031408520934026NH0F;03/11/2022;18;0,011;R
ES0031408520934026NH0F;03/11/2022;19;0,012;R
ES0031408520934026NH0F;03/11/2022;20;0,013;R
ES0031408520934026NH0F;03/11/2022;21;0,067;R
ES0031408520934026NH0F;03/11/2022;22;0,197;R
ES0031408520934026NH0F;03/11/2022;23;0,088;R
ES0031408520934026NH0F;03/11/2022;24;0,061;R
ES0031408520934026NH0F;04/11/2022;1;0,011;R
ES0031408520934026NH0F;04/11/2022;2;0,018;R
ES0031408520934026NH0F;04/11/2022;3;0,023;R
ES0031408520934026NH0F;04/11/2022;4;0,011;R
ES0031408520934026NH0F;04/11/2022;5;0,011;R
ES0031408520934026NH0F;04/11/2022;6;0,011;R
ES0031408520934026NH0F;04/11/2022;7;0,012;R
ES0031408520934026NH0F;04/11/2022;8;0,052;R
ES0031408520934026NH0F;04/11/2022;9;0,053;R
ES0031408520934026NH0F;04/11/2022;10;0,079;R
ES0031408520934026NH0F;04/11/2022;11;0,055;R
ES0031408520934026NH0F;04/11/2022;12;0,035;R
ES0031408520934026NH0F;04/11/2022;13;0,048;R
ES0031408520934026NH0F;04/11/2022;14;0,030;R
ES0031408520934026NH0F;04/11/2022;15;0,064;R
ES0031408520934026NH0F;04/11/2022;16;0,042;R
ES0031408520934026NH0F;04/11/2022;17;0,011;R
ES0031408520934026NH0F;04/11/2022;18;0,011;R
ES0031408520934026NH0F;04/11/2022;19;0,011;R
ES0031408520934026NH0F;04/11/2022;20;0,013;R
ES0031408520934026NH0F;04/11/2022;21;0,086;R
ES0031408520934026NH0F;04/11/2022;22;0,082;R
ES0031408520934026NH0F;04/11/2022;23;0,096;R
ES0031408520934026NH0F;04/11/2022;24;0,108;R
ES0031408520934026NH0F;05/11/2022;1;0,046;R
ES0031408520934026NH0F;05/11/2022;2;0,022;R
ES0031408520934026NH0F;05/11/2022;3;0,011;R
ES0031408520934026NH0F;05/11/2022;4;0,015;R
ES0031408520934026NH0F;05/11/2022;5;0,014;R
ES0031408520934026NH0F;05/11/2022;6;0,012;R
ES0031408520934026NH0F;05/11/2022;7;0,011;R
ES0031408520934026NH0F;05/11/2022;8;0,052;R
ES0031408520934026NH0F;05/11/2022;9;0,048;R
ES0031408520934026NH0F;05/11/2022;10;0,049;R
ES0031408520934026NH0F;05/11/2022;11;0,292;R
ES0031408520934026NH0F;05/11/2022;12;0,063;R
ES0031408520934026NH0F;05/11/2022;13;0,046;R
ES0031408520934026NH0F;05/11/2022;14;0,039;R
ES0031408520934026NH0F;05/11/2022;15;0,061;R
ES0031408520934026NH0F;05/11/2022;16;0,069;R
ES0031408520934026NH0F;05/11/2022;17;0,040;R
ES0031408520934026NH0F;05/11/2022;18;0,053;R
ES0031408520934026NH0F;05/11/2022;19;0,076;R
ES0031408520934026NH0F;05/11/2022;20;0,088;R
ES0031408520934026NH0F;05/11/2022;21;0,048;R
ES0031408520934026NH0F;05/11/2022;22;0,344;R
ES0031408520934026NH0F;05/11/2022;23;0,287;R
ES0031408520934026NH0F;05/11/2022;24;0,111;R
ES0031408520934026NH0F;06/11/2022;1;0,077;R
ES0031408520934026NH0F;06/11/2022;2;0,112;R
ES0031408520934026NH0F;06/11/2022;3;0,052;R
ES0031408520934026NH0F;06/11/2022;4;0,041;R
ES0031408520934026NH0F;06/11/2022;5;0,027;R
ES0031408520934026NH0F;06/11/2022;6;0,032;R
ES0031408520934026NH0F;06/11/2022;7;0,034;R
ES0031408520934026NH0F;06/11/2022;8;0,025;R
ES0031408520934026NH0F;06/11/2022;9;0,037;R
ES0031408520934026NH0F;06/11/2022;10;0,041;R
ES0031408520934026NH0F;06/11/2022;11;0,038;R
ES0031408520934026NH0F;06/11/2022;12;0,041;R
ES0031408520934026NH0F;06/11/2022;13;0,047;R
ES0031408520934026NH0F;06/11/2022;14;0,033;R
ES0031408520934026NH0F;06/11/2022;15;0,049;R
ES0031408520934026NH0F;06/11/2022;16;0,051;R
ES0031408520934026NH0F;06/11/2022;17;0,055;R
ES0031408520934026NH0F;06/11/2022;18;0,028;R
ES0031408520934026NH0F;06/11/2022;19;0,042;R
ES0031408520934026NH0F;06/11/2022;20;0,087;R
ES0031408520934026NH0F;06/11/2022;21;0,087;R
ES0031408520934026NH0F;06/11/2022;22;0,074;R
ES0031408520934026NH0F;06/11/2022;23;0,093;R
ES0031408520934026NH0F;06/11/2022;24;1,001;R
ES0031408520934026NH0F;07/11/2022;1;0,122;R
ES0031408520934026NH0F;07/11/2022;2;0,051;R
ES0031408520934026NH0F;07/11/2022;3;0,018;R
ES0031408520934026NH0F;07/11/2022;4;0,013;R
ES0031408520934026NH0F;07/11/2022;5;0,015;R
ES0031408520934026NH0F;07/11/2022;6;0,015;R
ES0031408520934026NH0F;07/11/2022;7;0,012;R
ES0031408520934026NH0F;07/11/2022;8;0,053;R
ES0031408520934026NH0F;07/11/2022;9;0,040;R
ES0031408520934026NH0F;07/11/2022;10;0,052;R
ES0031408520934026NH0F;07/11/2022;11;0,066;R
ES0031408520934026NH0F;07/11/2022;12;0,048;R
ES0031408520934026NH0F;07/11/2022;13;0,038;R
ES0031408520934026NH0F;07/11/2022;14;0,028;R
ES0031408520934026NH0F;07/11/2022;15;0,075;R
ES0031408520934026NH0F;07/11/2022;16;0,047;R
ES0031408520934026NH0F;07/11/2022;17;0,012;R
ES0031408520934026NH0F;07/11/2022;18;0,012;R
ES0031408520934026NH0F;07/11/2022;19;0,011;R
ES0031408520934026NH0F;07/11/2022;20;0,014;R
ES0031408520934026NH0F;07/11/2022;21;0,063;R
ES0031408520934026NH0F;07/11/2022;22;0,081;R
ES0031408520934026NH0F;07/11/2022;23;0,088;R
ES0031408520934026NH0F;07/11/2022;24;0,857;R
ES0031408520934026NH0F;08/11/2022;1;0,013;R
ES0031408520934026NH0F;08/11/2022;2;0,079;R
ES0031408520934026NH0F;08/11/2022;3;0,024;R
ES0031408520934026NH0F;08/11/2022;4;0,014;R
ES0031408520934026NH0F;08/11/2022;5;0,013;R
ES0031408520934026NH0F;08/11/2022;6;0,012;R
ES0031408520934026NH0F;08/11/2022;7;0,013;R
ES0031408520934026NH0F;08/11/2022;8;0,053;R
ES0031408520934026NH0F;08/11/2022;9;0,076;R
ES0031408520934026NH0F;08/11/2022;10;0,047;R
ES0031408520934026NH0F;08/11/2022;11;0,037;R
ES0031408520934026NH0F;08/11/2022;12;0,037;R
ES0031408520934026NH0F;08/11/2022;13;0,038;R
ES0031408520934026NH0F;08/11/2022;14;0,029;R
ES0031408520934026NH0F;08/11/2022;15;0,344;R
ES0031408520934026NH0F;08/11/2022;16;0,043;R
ES0031408520934026NH0F;08/11/2022;17;0,006;R
ES0031408520934026NH0F;08/11/2022;18;0,000;R
ES0031408520934026NH0F;08/11/2022;19;0,000;R
ES0031408520934026NH0F;08/11/2022;20;0,000;R
ES0031408520934026NH0F;08/11/2022;21;0,015;R
ES0031408520934026NH0F;08/11/2022;22;0,108;R
ES0031408520934026NH0F;08/11/2022;23;0,095;R
ES0031408520934026NH0F;08/11/2022;24;0,035;R
ES0031408520934026NH0F;09/11/2022;1;0,089;R
ES0031408520934026NH0F;09/11/2022;2;0,036;R
ES0031408520934026NH0F;09/11/2022;3;0,044;R
ES0031408520934026NH0F;09/11/2022;4;0,027;R
ES0031408520934026NH0F;09/11/2022;5;0,042;R
ES0031408520934026NH0F;09/11/2022;6;0,032;R
ES0031408520934026NH0F;09/11/2022;7;0,026;R
ES0031408520934026NH0F;09/11/2022;8;0,039;R
ES0031408520934026NH0F;09/11/2022;9;0,028;R
ES0031408520934026NH0F;09/11/2022;10;0,048;R
ES0031408520934026NH0F;09/11/2022;11;0,039;R
ES0031408520934026NH0F;09/11/2022;12;0,025;R
ES0031408520934026NH0F;09/11/2022;13;0,027;R
ES0031408520934026NH0F;09/11/2022;14;0,037;R
ES0031408520934026NH0F;09/11/2022;15;0,061;R
ES0031408520934026NH0F;09/11/2022;16;0,051;R
ES0031408520934026NH0F;09/11/2022;17;0,030;R
ES0031408520934026NH0F;09/11/2022;18;0,025;R
ES0031408520934026NH0F;09/11/2022;19;0,036;R
ES0031408520934026NH0F;09/11/2022;20;0,026;R
ES0031408520934026NH0F;09/11/2022;21;0,027;R
ES0031408520934026NH0F;09/11/2022;22;0,144;R
ES0031408520934026NH0F;09/11/2022;23;0,077;R
ES0031408520934026NH0F;09/11/2022;24;0,057;R
ES0031408520934026NH0F;10/11/2022;1;0,038;R
ES0031408520934026NH0F;10/11/2022;2;0,046;R
ES0031408520934026NH0F;10/11/2022;3;0,025;R
ES0031408520934026NH0F;10/11/2022;4;0,036;R
ES0031408520934026NH0F;10/11/2022;5;0,029;R
ES0031408520934026NH0F;10/11/2022;6;0,025;R
ES0031408520934026NH0F;10/11/2022;7;0,026;R
ES0031408520934026NH0F;10/11/2022;8;0,030;R
ES0031408520934026NH0F;10/11/2022;9;0,036;R
ES0031408520934026NH0F;10/11/2022;10;0,052;R
ES0031408520934026NH0F;10/11/2022;11;0,030;R
ES0031408520934026NH0F;10/11/2022;12;0,039;R
ES0031408520934026NH0F;10/11/2022;13;0,027;R
ES0031408520934026NH0F;10/11/2022;14;0,043;R
ES0031408520934026NH0F;10/11/2022;15;0,075;R
ES0031408520934026NH0F;10/11/2022;16;0,063;R
ES0031408520934026NH0F;10/11/2022;17;0,028;R
ES0031408520934026NH0F;10/11/2022;18;0,039;R
ES0031408520934026NH0F;10/11/2022;19;0,025;R
ES0031408520934026NH0F;10/11/2022;20;0,039;R
ES0031408520934026NH0F;10/11/2022;21;0,028;R
ES0031408520934026NH0F;10/11/2022;22;0,087;R
ES0031408520934026NH0F;10/11/2022;23;0,082;R
ES0031408520934026NH0F;10/11/2022;24;0,063;R
ES0031408520934026NH0F;11/11/2022;1;0,025;R
ES0031408520934026NH0F;11/11/2022;2;0,073;R
ES0031408520934026NH0F;11/11/2022;3;0,064;R
ES0031408520934026NH0F;11/11/2022;4;0,032;R
ES0031408520934026NH0F;11/11/2022;5;0,034;R
ES0031408520934026NH0F;11/11/2022;6;0,035;R
ES0031408520934026NH0F;11/11/2022;7;0,025;R
ES0031408520934026NH0F;11/11/2022;8;0,028;R
ES0031408520934026NH0F;11/11/2022;9;0,042;R
ES0031408520934026NH0F;11/11/2022;10;0,027;R
ES0031408520934026NH0F;11/11/2022;11;0,039;R
ES0031408520934026NH0F;11/11/2022;12;0,075;R
ES0031408520934026NH0F;11/11/2022;13;0,024;R
ES0031408520934026NH0F;11/11/2022;14;0,025;R
ES0031408520934026NH0F;11/11/2022;15;0,089;R
ES0031408520934026NH0F;11/11/2022;16;0,043;R
ES0031408520934026NH0F;11/11/2022;17;0,039;R
ES0031408520934026NH0F;11/11/2022;18;0,025;R
ES0031408520934026NH0F;11/11/2022;19;0,025;R
ES0031408520934026NH0F;11/11/2022;20;0,039;R
ES0031408520934026NH0F;11/11/2022;21;0,130;R
ES0031408520934026NH0F;11/11/2022;22;0,105;R
ES0031408520934026NH0F;11/11/2022;23;0,083;R
ES0031408520934026NH0F;11/11/2022;24;0,045;R
ES0031408520934026NH0F;12/11/2022;1;0,084;R
ES0031408520934026NH0F;12/11/2022;2;0,032;R
ES0031408520934026NH0F;12/11/2022;3;0,026;R
ES0031408520934026NH0F;12/11/2022;4;0,038;R
ES0031408520934026NH0F;12/11/2022;5;0,025;R
ES0031408520934026NH0F;12/11/2022;6;0,033;R
ES0031408520934026NH0F;12/11/2022;7;0,031;R
ES0031408520934026NH0F;12/11/2022;8;0,025;R
ES0031408520934026NH0F;12/11/2022;9;0,053;R
ES0031408520934026NH0F;12/11/2022;10;0,048;R
ES0031408520934026NH0F;12/11/2022;11;0,027;R
ES0031408520934026NH0F;12/11/2022;12;0,038;R
ES0031408520934026NH0F;12/11/2022;13;0,032;R
ES0031408520934026NH0F;12/11/2022;14;0,025;R
ES0031408520934026NH0F;12/11/2022;15;0,077;R
ES0031408520934026NH0F;12/11/2022;16;0,750;R
ES0031408520934026NH0F;12/11/2022;17;0,068;R
ES0031408520934026NH0F;12/11/2022;18;0,068;R
ES0031408520934026NH0F;12/11/2022;19;0,075;R
ES0031408520934026NH0F;12/11/2022;20;0,068;R
ES0031408520934026NH0F;12/11/2022;21;0,624;R
ES0031408520934026NH0F;12/11/2022;22;0,112;R
ES0031408520934026NH0F;12/11/2022;23;0,102;R
ES0031408520934026NH0F;12/11/2022;24;0,095;R
ES0031408520934026NH0F;13/11/2022;1;0,120;R
ES0031408520934026NH0F;13/11/2022;2;0,048;R
ES0031408520934026NH0F;13/11/2022;3;0,040;R
ES0031408520934026NH0F;13/11/2022;4;0,025;R
ES0031408520934026NH0F;13/11/2022;5;0,039;R
ES0031408520934026NH0F;13/11/2022;6;0,025;R
ES0031408520934026NH0F;13/11/2022;7;0,038;R
ES0031408520934026NH0F;13/11/2022;8;0,025;R
ES0031408520934026NH0F;13/11/2022;9;0,036;R
ES0031408520934026NH0F;13/11/2022;10;0,089;R
ES0031408520934026NH0F;13/11/2022;11;0,042;R
ES0031408520934026NH0F;13/11/2022;12;0,030;R
ES0031408520934026NH0F;13/11/2022;13;0,032;R
ES0031408520934026NH0F;13/11/2022;14;0,064;R
ES0031408520934026NH0F;13/11/2022;15;0,060;R
ES0031408520934026NH0F;13/11/2022;16;0,073;R
ES0031408520934026NH0F;13/11/2022;17;0,043;R
ES0031408520934026NH0F;13/11/2022;18;0,061;R
ES0031408520934026NH0F;13/11/2022;19;0,067;R
ES0031408520934026NH0F;13/11/2022;20;0,043;R
ES0031408520934026NH0F;13/11/2022;21;0,032;R
ES0031408520934026NH0F;13/11/2022;22;0,064;R
ES0031408520934026NH0F;13/11/2022;23;0,193;R
ES0031408520934026NH0F;13/11/2022;24;0,073;R
ES0031408520934026NH0F;14/11/2022;1;0,081;R
ES0031408520934026NH0F;14/11/2022;2;0,080;R
ES0031408520934026NH0F;14/11/2022;3;0,046;R
ES0031408520934026NH0F;14/11/2022;4;0,014;R
ES0031408520934026NH0F;14/11/2022;5;0,012;R
ES0031408520934026NH0F;14/11/2022;6;0,011;R
ES0031408520934026NH0F;14/11/2022;7;0,012;R
ES0031408520934026NH0F;14/11/2022;8;0,012;R
ES0031408520934026NH0F;14/11/2022;9;0,054;R
ES0031408520934026NH0F;14/11/2022;10;0,065;R
ES0031408520934026NH0F;14/11/2022;11;0,050;R
ES0031408520934026NH0F;14/11/2022;12;0,031;R
ES0031408520934026NH0F;14/11/2022;13;0,047;R
ES0031408520934026NH0F;14/11/2022;14;0,028;R
ES0031408520934026NH0F;14/11/2022;15;0,071;R
ES0031408520934026NH0F;14/11/2022;16;0,050;R
ES0031408520934026NH0F;14/11/2022;17;0,027;R
ES0031408520934026NH0F;14/11/2022;18;0,035;R
ES0031408520934026NH0F;14/11/2022;19;0,033;R
ES0031408520934026NH0F;14/11/2022;20;0,026;R
ES0031408520934026NH0F;14/11/2022;21;0,049;R
ES0031408520934026NH0F;14/11/2022;22;0,330;R
ES0031408520934026NH0F;14/11/2022;23;0,109;R
ES0031408520934026NH0F;14/11/2022;24;0,052;R
ES0031408520934026NH0F;15/11/2022;1;0,025;R
ES0031408520934026NH0F;15/11/2022;2;0,033;R
ES0031408520934026NH0F;15/11/2022;3;0,033;R
ES0031408520934026NH0F;15/11/2022;4;0,025;R
ES0031408520934026NH0F;15/11/2022;5;0,025;R
ES0031408520934026NH0F;15/11/2022;6;0,037;R
ES0031408520934026NH0F;15/11/2022;7;0,028;R
ES0031408520934026NH0F;15/11/2022;8;0,026;R
ES0031408520934026NH0F;15/11/2022;9;0,030;R
ES0031408520934026NH0F;15/11/2022;10;0,065;R
ES0031408520934026NH0F;15/11/2022;11;0,024;R
ES0031408520934026NH0F;15/11/2022;12;0,025;R
ES0031408520934026NH0F;15/11/2022;13;0,038;R
ES0031408520934026NH0F;15/11/2022;14;0,027;R
ES0031408520934026NH0F;15/11/2022;15;0,087;R
ES0031408520934026NH0F;15/11/2022;16;0,018;R
ES0031408520934026NH0F;15/11/2022;17;0,010;R
ES0031408520934026NH0F;15/11/2022;18;0,011;R
ES0031408520934026NH0F;15/11/2022;19;0,011;R
ES0031408520934026NH0F;15/11/2022;20;0,011;R
ES0031408520934026NH0F;15/11/2022;21;0,015;R
ES0031408520934026NH0F;15/11/2022;22;0,118;R
ES0031408520934026NH0F;15/11/2022;23;0,092;R
ES0031408520934026NH0F;15/11/2022;24;0,011;R
ES0031408520934026NH0F;16/11/2022;1;0,011;R
ES0031408520934026NH0F;16/11/2022;2;0,089;R
ES0031408520934026NH0F;16/11/2022;3;0,100;R
ES0031408520934026NH0F;16/11/2022;4;0,015;R
ES0031408520934026NH0F;16/11/2022;5;0,010;R
ES0031408520934026NH0F;16/11/2022;6;0,011;R
ES0031408520934026NH0F;16/11/2022;7;0,018;R
ES0031408520934026NH0F;16/11/2022;8;0,012;R
ES0031408520934026NH0F;16/11/2022;9;0,013;R
ES0031408520934026NH0F;16/11/2022;10;0,018;R
ES0031408520934026NH0F;16/11/2022;11;0,090;R
ES0031408520934026NH0F;16/11/2022;12;0,052;R
ES0031408520934026NH0F;16/11/2022;13;0,050;R
ES0031408520934026NH0F;16/11/2022;14;0,033;R
ES0031408520934026NH0F;16/11/2022;15;0,095;R
ES0031408520934026NH0F;16/11/2022;16;0,022;R
ES0031408520934026NH0F;16/11/2022;17;0,011;R
ES0031408520934026NH0F;16/11/2022;18;0,011;R
ES0031408520934026NH0F;16/11/2022;19;0,011;R
ES0031408520934026NH0F;16/11/2022;20;0,011;R
ES0031408520934026NH0F;16/11/2022;21;0,064;R
ES0031408520934026NH0F;16/11/2022;22;0,264;R
ES0031408520934026NH0F;16/11/2022;23;0,131;R
ES0031408520934026NH0F;16/11/2022;24;0,036;R
